<?xml version="1.0" encoding="UTF-8"?>
<!DOCTYPE fontscolors PUBLIC "-//NetBeans//DTD Editor Fonts and Colors settings 1.2//EN" "https://netbeans.apache.org/dtds/EditorFontsColors-1_2.dtd">
<fontscolors>
    <fontcolor bgColor="ff666666" name="mark-occurrences"/>
    <fontcolor foreColor="ffcc99ff" name="number"/>
    <fontcolor bgColor="ff221a1a" foreColor="ffccccff" name="default">
        <font name="Consolas" size="13"/>
    </fontcolor>
    <fontcolor default="identifier" name="method"/>
    <fontcolor foreColor="ff33ff66" name="string"/>
    <fontcolor foreColor="ff66ff00" name="char"/>
    <fontcolor foreColor="ffffff99" name="comment"/>
    <fontcolor name="error" waveUnderlined="red"/>
    <fontcolor foreColor="ff0099ff" name="keyword"/>
    <fontcolor foreColor="ffff3333" name="separator"/>
    <fontcolor foreColor="ffff9933" name="operator"/>
    <fontcolor foreColor="ff99ccff" name="url" underline="ff287bde"/>
</fontscolors>
