<?xml version="1.0" encoding="UTF-8"?>
<!DOCTYPE fontscolors PUBLIC "-//NetBeans//DTD Editor Fonts and Colors settings 1.2//EN" "https://netbeans.apache.org/dtds/EditorFontsColors-1_2.dtd">
<fontscolors>
    <fontcolor bgColor="ffffcccc" name="nbeditor-bracesMatching-match"/>
    <fontcolor bgColor="ffcc99ff" foreColor="black" name="block-search"/>
    <fontcolor bgColor="ffffffe0" name="coverage-partial"/>
    <fontcolor bgColor="ffe0ffe0" name="coverage-inferred"/>
    <fontcolor bgColor="pink" name="coverage-uncovered"/>
    <fontcolor bgColor="lightGray" foreColor="darkGray" name="line-number"/>
    <fontcolor bgColor="ffccffcc" name="remove-surround-code-remain"/>
    <fontcolor bgColor="ffcccccc" foreColor="ffb4b4b4" name="remove-surround-code-delete"/>
    <fontcolor bgColor="ffccffcc" name="coverage-covered"/>
</fontscolors>
