<?xml version="1.0" encoding="UTF-8"?>
<!DOCTYPE fontscolors PUBLIC "-//NetBeans//DTD Editor Fonts and Colors settings 1.2//EN" "https://netbeans.apache.org/dtds/EditorFontsColors-1_2.dtd">
<fontscolors>
    <fontcolor bgColor="ff22254e" name="mark-occurrences"/>
    <fontcolor foreColor="fff3f3ff" name="identifier"/>
    <fontcolor foreColor="ffcc66ff" name="number"/>
    <fontcolor bgColor="ff121316" foreColor="ffa9b7c6" name="default">
        <font name="Consolas" size="20" style="plain"/>
    </fontcolor>
    <fontcolor foreColor="ffff9933" name="string"/>
    <fontcolor foreColor="magenta" name="char"/>
    <fontcolor foreColor="ff66ff66" name="comment">
        <font name="Calibri Light" style="italic"/>
    </fontcolor>
    <fontcolor foreColor="ff0099cc" name="keyword">
        <font style="bold"/>
    </fontcolor>
    <fontcolor foreColor="ffff6666" name="separator"/>
    <fontcolor foreColor="ffff9966" name="operator"/>
</fontscolors>
